cgpa,attendance,backlogs,skill_count,avg_skill_level,project_count,internship_count,certification_count,hackathon_count,placed
7.23,67.9,2,5,2.44,3,0,1,2,1
5.34,65.0,0,13,3.37,6,1,1,0,1
7.85,82.1,1,7,1.89,1,0,5,4,1
8.12,82.6,0,3,4.4,4,1,4,4,1
4.07,93.4,0,1,2.24,2,0,5,4,1
4.98,91.2,1,3,3.4,1,1,3,1,0
6.98,76.4,0,9,3.97,1,2,5,1,1
6.36,63.1,3,8,3.28,2,0,0,0,0
6.78,74.2,4,5,2.99,2,0,3,3,1
5.61,80.6,3,7,2.91,1,1,1,1,0
8.03,75.6,0,11,2.84,2,0,2,4,1
7.89,71.1,0,8,2.32,0,0,1,4,1
6.89,81.0,0,1,2.45,6,0,1,0,1
8.38,72.0,0,1,4.38,2,0,2,4,0
7.45,70.5,4,7,2.79,0,1,5,0,1
5.6,81.7,1,6,2.11,4,1,3,2,1
7.32,73.2,0,12,2.38,6,0,2,2,1
5.46,80.9,3,8,4.0,2,1,2,4,1
8.03,81.3,0,10,3.58,5,0,3,3,1
6.73,64.3,0,8,3.46,4,0,1,4,1
6.54,72.2,0,5,2.64,5,1,3,2,1
5.85,95.3,2,9,3.47,2,0,4,4,1
8.51,64.1,3,9,2.26,0,1,1,4,1
6.58,52.6,0,10,2.64,2,2,3,4,1
6.2,55.7,4,3,3.87,6,1,4,2,1
6.31,78.3,3,9,3.77,5,1,3,1,1
7.55,78.4,3,4,1.92,5,0,1,4,0
7.31,76.6,0,11,2.04,6,0,3,3,1
7.38,92.6,0,11,3.01,2,0,4,4,1
7.4,45.9,3,9,4.63,2,1,1,2,1
9.8,82.8,0,13,1.0,6,2,3,4,1
6.23,96.7,1,7,3.18,4,0,4,3,1
6.08,64.5,2,1,1.52,2,0,1,3,0
5.66,73.4,0,8,2.27,1,0,2,0,1
7.66,69.0,3,11,2.54,6,1,5,2,1
8.38,67.3,4,2,2.48,0,1,2,3,0
6.64,74.1,2,2,2.37,0,1,3,3,0
5.62,95.1,1,4,2.91,5,2,0,4,1
5.65,100.0,3,11,2.36,0,0,5,1,0
7.71,74.0,1,7,1.44,1,1,3,1,1
7.84,100.0,2,13,3.68,6,1,4,4,1
7.56,78.4,3,12,3.65,2,0,3,4,1
5.87,99.0,2,8,3.74,5,2,2,0,1
7.13,76.9,0,9,1.36,3,0,2,1,1
6.96,79.6,0,5,3.2,0,1,4,4,0
7.11,82.4,0,2,3.58,1,1,5,0,0
8.02,100.0,1,6,1.87,5,2,0,3,1
7.11,88.2,1,8,2.91,0,1,5,0,1
7.75,69.5,1,3,2.78,4,0,4,0,0
6.89,89.6,0,3,4.74,2,2,0,3,1
7.2,73.7,3,1,4.82,2,1,0,3,0
7.68,72.1,4,10,1.24,6,1,4,2,1
4.76,88.9,0,12,5.0,4,1,5,4,1
6.35,78.4,2,11,1.98,4,0,2,1,1
6.14,81.3,2,5,3.88,2,1,3,2,0
5.91,78.2,1,8,3.87,2,2,5,3,0
6.41,82.0,0,13,1.9,4,0,1,3,1
8.89,83.1,3,8,3.39,0,1,1,1,1
5.59,54.8,4,4,2.79,1,3,5,3,0
8.16,86.0,2,5,3.45,4,1,1,2,1
4.44,66.2,4,10,3.13,4,2,2,2,1
6.33,60.7,5,6,4.1,0,0,2,4,0
7.03,77.3,0,11,2.98,5,3,3,1,1
7.62,79.0,2,12,2.73,3,0,1,3,0
7.8,69.7,1,1,4.0,1,1,4,4,1
7.91,88.0,5,10,3.48,5,1,4,3,1
6.31,61.9,0,5,3.63,6,1,1,4,0
6.15,73.1,1,7,2.24,2,2,2,2,1
8.0,71.0,3,4,1.85,1,1,0,1,1
6.53,77.4,0,5,2.33,2,1,1,4,0
5.01,81.3,3,5,2.28,4,0,5,3,1
5.21,65.9,0,1,3.69,0,1,3,1,0
5.51,86.7,5,11,3.88,3,1,3,1,1
7.5,78.8,3,2,2.74,0,0,5,1,0
7.0,55.3,0,5,4.33,0,1,4,4,1
7.77,54.5,2,3,4.27,3,2,4,0,1
6.2,77.9,0,3,3.14,5,1,4,3,0
7.02,75.3,1,5,2.08,6,1,2,2,1
7.68,76.8,2,12,4.48,0,0,3,0,1
6.37,77.7,3,13,2.84,1,1,1,3,1
7.44,80.7,0,5,3.03,2,0,5,3,1
5.87,89.4,0,7,2.56,4,0,1,3,0
6.29,64.7,2,13,2.01,6,1,5,2,1
6.27,63.9,1,4,1.43,4,0,5,1,1
5.13,64.9,1,13,3.53,3,0,0,0,1
7.48,81.5,0,2,2.12,0,1,4,0,0
6.14,92.9,0,3,5.0,0,0,5,1,0
6.82,72.8,3,5,1.81,1,0,3,3,0
7.47,48.0,0,1,1.64,4,0,2,0,1
7.43,57.6,0,11,3.41,2,1,5,4,1
7.73,68.0,4,12,4.43,1,0,3,2,1
6.66,71.3,0,5,2.96,4,1,0,1,1
6.21,73.1,2,11,3.47,5,1,1,4,1
6.69,78.5,0,11,1.06,3,0,4,0,1
4.44,74.3,3,11,2.22,6,2,2,4,1
4.77,90.6,2,11,1.83,5,0,1,1,1
4.95,69.9,3,8,1.0,5,1,4,1,1
5.4,67.7,0,2,3.02,6,0,0,2,1
7.36,83.7,1,13,1.0,1,1,1,4,1
5.53,59.6,2,8,1.58,5,0,2,1,0
6.27,82.7,0,12,2.36,6,2,0,4,1
8.62,79.2,0,13,2.07,6,0,2,1,0
6.3,76.2,0,3,3.3,4,1,5,1,1
7.83,97.1,4,6,3.21,5,0,5,3,1
5.49,70.5,2,3,3.79,6,0,5,3,1
6.51,100.0,2,1,3.65,5,0,1,1,1
5.47,75.3,2,13,4.04,6,1,0,0,1
6.33,62.7,1,13,2.9,5,1,4,1,1
7.98,78.8,1,13,3.2,2,3,2,2,1
4.38,65.1,1,12,3.41,5,1,4,0,1
7.41,69.0,2,9,3.04,2,3,0,0,1
7.13,82.8,0,7,2.5,5,0,4,4,1
5.97,84.7,3,13,2.57,5,1,3,0,1
4.78,70.5,3,8,2.08,6,1,5,2,1
6.9,89.8,0,9,3.32,4,1,0,3,1
6.06,91.9,1,3,2.81,3,3,2,1,1
7.13,95.2,0,10,2.24,1,1,5,2,1
6.83,84.4,5,11,2.24,4,2,2,0,1
9.04,94.4,4,9,1.69,3,1,3,3,0
6.46,55.4,4,7,3.88,3,0,0,3,0
5.37,74.2,0,3,2.98,4,1,4,4,1
7.05,67.6,0,1,2.04,5,1,1,4,0
7.11,79.4,0,9,3.71,1,2,3,1,1
8.7,71.1,0,9,2.34,3,2,5,0,1
7.97,76.0,0,11,1.49,5,0,3,1,0
7.3,100.0,0,13,3.92,5,0,2,0,1
8.85,76.0,5,7,2.36,5,0,1,2,0
5.14,83.0,0,11,2.49,5,1,2,0,1
5.9,75.2,0,10,2.94,5,0,5,4,1
5.5,78.9,3,4,4.04,6,1,1,3,1
6.25,78.1,1,11,2.92,4,1,3,1,1
4.87,83.4,2,1,1.7,1,2,2,4,1
7.69,92.0,2,8,3.44,3,0,1,3,1
6.49,97.8,3,13,2.42,4,1,4,2,1
4.74,81.7,2,9,4.79,0,0,2,0,1
5.38,85.1,1,13,2.9,5,2,1,1,1
7.24,64.2,2,1,1.0,3,0,3,2,0
7.97,76.9,1,7,3.26,6,0,4,3,1
9.6,89.3,0,11,4.84,1,0,5,1,1
10.0,88.4,1,9,4.48,6,2,3,3,1
7.38,80.5,0,12,4.73,3,0,3,1,1
5.41,88.6,3,7,1.88,4,1,4,1,1
4.0,83.9,0,9,3.81,4,1,1,2,1
7.17,92.4,0,6,2.18,4,1,1,0,1
5.66,81.5,0,12,3.12,6,0,2,2,1
6.22,73.7,3,2,1.63,1,0,3,1,0
5.94,82.0,0,4,2.26,5,0,3,1,1
6.6,42.8,2,2,2.22,6,0,0,3,0
8.29,82.6,3,10,3.8,1,1,4,1,1
7.02,40.0,0,4,3.7,1,0,2,3,1
6.58,57.3,2,5,3.18,3,0,5,3,1
5.35,83.4,0,11,1.55,5,0,4,3,1
4.46,83.7,0,5,2.59,6,1,5,1,1
6.12,64.1,2,2,2.15,5,0,3,4,0
6.72,69.5,4,1,3.77,5,1,3,1,1
9.28,94.4,0,3,4.08,3,0,1,1,1
6.98,72.2,1,12,3.96,4,3,2,4,1
8.18,100.0,0,8,2.14,1,1,5,1,1
6.1,78.0,1,13,1.0,3,0,2,3,1
5.14,82.9,2,3,1.13,1,0,0,0,0
5.45,97.4,1,5,4.32,0,0,1,3,0
5.78,79.6,2,3,2.5,5,0,3,4,1
9.78,66.0,0,6,2.15,5,0,3,3,1
5.65,76.7,2,8,4.54,3,2,5,2,1
7.97,77.6,2,11,4.17,0,1,5,4,1
5.54,61.6,2,5,2.92,0,0,3,1,1
8.1,74.9,0,11,2.61,0,1,3,1,1
7.34,69.1,1,9,2.77,5,0,4,0,1
6.58,89.1,1,4,3.13,1,3,0,3,1
6.74,78.4,0,12,4.5,1,0,3,3,1
5.88,74.6,0,6,3.32,6,1,2,3,1
7.42,76.7,1,2,3.63,6,1,4,3,1
6.16,80.7,2,13,4.07,5,0,4,0,1
5.08,85.4,0,12,1.73,2,0,3,3,1
5.01,66.0,3,1,3.65,4,0,3,3,0
7.04,65.5,1,12,2.61,1,2,4,1,1
9.01,91.3,2,13,1.0,6,1,3,2,1
7.02,73.1,1,11,1.0,0,1,1,4,1
6.63,61.0,1,4,1.88,5,1,1,2,1
7.2,83.3,1,9,3.43,3,2,4,3,1
8.63,83.6,4,7,3.01,5,1,3,2,1
7.11,59.6,1,9,3.08,3,1,1,3,1
6.22,80.8,1,9,4.85,1,1,5,3,1
8.35,86.8,1,9,1.63,5,0,5,3,0
7.4,82.5,2,7,2.87,4,2,3,3,1
8.95,85.6,0,9,3.2,3,0,1,4,1
7.06,61.1,1,7,2.16,2,0,5,1,1
5.09,82.0,1,1,2.93,2,2,1,4,0
4.88,74.4,4,1,1.3,3,0,2,3,0
9.11,72.2,1,13,4.31,1,0,5,2,1
9.21,88.4,1,12,2.22,1,0,3,1,1
6.55,95.8,4,8,4.93,1,1,1,2,1
6.26,99.5,1,3,2.87,0,2,0,3,1
8.85,93.8,0,11,3.93,6,0,2,1,1
5.25,76.7,0,2,2.85,1,0,4,1,0
5.55,82.2,0,5,2.87,1,1,4,4,1
7.7,87.2,0,5,2.32,1,3,1,2,1
6.25,79.5,1,1,3.02,6,0,0,3,1
6.79,79.6,2,11,3.22,3,3,4,0,1
6.57,87.9,2,7,2.12,2,2,0,0,1
7.27,77.3,0,5,2.77,2,0,0,4,1
8.77,69.2,1,7,2.29,0,2,2,0,1
6.93,73.0,0,1,5.0,2,1,3,3,1
7.7,85.6,4,6,2.81,1,1,1,4,1
4.0,78.0,0,7,4.45,5,0,1,2,0
6.73,82.1,2,5,2.7,0,2,1,4,1
5.62,86.0,0,11,3.16,2,1,2,2,1
5.09,73.5,2,4,1.58,5,1,0,4,1
5.57,87.1,1,2,2.45,5,3,0,1,1
6.33,82.5,2,7,3.11,3,1,2,2,1
8.08,63.2,0,12,4.49,1,2,0,1,1
4.94,95.3,4,5,3.12,2,2,1,3,1
6.84,72.0,1,1,4.28,1,0,3,0,1
6.12,58.1,2,13,3.54,4,0,0,4,1
6.34,65.5,3,6,4.53,2,0,3,0,1
8.2,65.7,5,3,2.84,4,2,3,1,1
7.55,78.6,0,9,5.0,4,0,3,2,1
8.67,74.7,0,5,2.41,6,1,3,0,1
6.58,74.0,0,13,2.13,2,0,4,2,1
5.83,85.4,0,4,1.69,6,0,0,4,1
6.49,82.1,1,8,5.0,2,1,1,4,1
7.14,81.8,5,8,3.72,4,0,1,0,0
7.05,82.9,5,4,2.57,4,2,4,2,1
5.28,85.4,1,7,4.15,5,0,5,2,1
6.93,52.7,2,2,3.59,3,2,5,0,1
7.12,73.6,3,9,4.87,5,0,3,3,1
10.0,51.8,4,10,1.35,2,3,2,2,1
9.43,78.4,0,13,2.63,3,1,2,3,1
5.61,77.9,1,5,2.44,3,0,0,1,0
6.4,90.5,3,4,1.0,4,0,2,1,0
4.75,92.3,0,8,3.96,4,0,3,3,1
5.97,80.4,1,10,2.63,0,1,1,3,0
7.24,72.0,5,13,3.64,5,2,4,0,1
8.49,83.8,5,1,5.0,5,0,4,1,0
5.78,71.7,4,4,2.55,0,0,1,2,1
5.88,78.0,3,4,2.48,6,1,5,4,0
4.0,89.8,0,4,3.02,4,1,0,1,1
6.57,71.3,0,7,3.89,0,1,5,1,1
5.31,87.7,1,12,2.33,3,1,4,4,1
6.06,86.1,1,1,2.27,5,1,1,3,1
5.57,66.5,1,11,3.96,1,3,3,4,1
6.67,89.7,2,9,3.28,6,0,1,3,1
4.34,86.4,1,8,1.0,2,0,4,4,1
4.75,79.2,2,9,1.67,1,0,0,0,0
9.78,68.9,0,2,4.4,2,1,1,1,1
5.0,67.7,0,10,3.3,3,0,1,1,1
5.26,71.5,0,4,2.14,4,2,1,0,1
9.37,84.5,0,7,2.73,6,1,1,3,1
10.0,66.5,3,9,2.91,1,1,3,3,0
5.16,83.3,1,8,3.64,6,1,3,0,1
6.28,63.1,0,5,1.54,3,0,3,0,1
7.28,75.6,2,6,2.06,0,2,1,0,1
9.22,79.3,1,7,3.17,6,0,1,2,1
5.42,100.0,0,1,2.8,2,1,5,2,1
6.46,61.5,0,10,3.47,4,2,1,1,1
7.89,95.7,0,2,1.67,4,1,0,4,1
7.41,79.8,2,6,3.26,0,2,2,1,0
6.27,82.9,0,9,3.99,1,0,0,2,1
6.61,79.4,0,2,3.39,4,2,2,2,1
4.88,83.3,0,13,3.04,2,1,5,1,1
6.47,76.2,1,5,2.8,0,1,1,4,0
6.43,95.4,0,1,2.07,0,0,4,4,1
7.13,72.5,3,9,2.83,5,0,2,0,1
6.02,91.6,0,8,4.16,1,1,2,2,1
7.46,70.3,1,9,2.78,0,0,3,0,0
8.22,77.3,1,10,2.01,3,1,3,2,1
7.02,65.1,1,7,2.41,0,2,1,3,0
7.29,83.5,0,11,3.1,4,2,1,2,1
6.87,95.3,3,5,2.53,3,0,5,1,0
6.8,77.1,3,8,3.39,4,2,1,1,1
5.79,75.6,0,3,3.42,3,0,5,1,1
7.24,64.6,0,9,3.79,5,1,2,1,1
6.66,75.2,4,4,4.32,4,2,5,1,1
9.73,58.9,1,10,3.9,2,0,2,3,1
9.0,67.0,0,11,1.97,0,0,3,0,1
7.34,80.7,0,12,2.0,1,0,3,0,1
5.73,93.8,2,13,2.82,0,1,2,2,1
5.24,100.0,2,2,2.45,0,2,1,3,0
8.47,71.0,1,2,1.76,1,0,3,1,0
7.17,95.2,4,13,2.46,1,0,3,1,1
7.47,80.9,1,5,2.43,0,1,1,3,1
4.36,76.2,0,1,2.23,2,0,4,1,0
8.1,83.2,1,4,2.58,3,1,3,3,1
7.44,78.7,0,11,4.08,1,2,0,0,1
5.25,79.3,0,5,3.1,1,1,5,0,1
6.14,73.1,0,1,5.0,0,2,0,2,1
7.17,61.2,0,10,3.07,0,1,3,1,1
6.87,59.5,2,3,2.61,1,2,2,3,1
6.39,85.8,0,5,2.9,3,0,3,2,1
6.66,74.7,1,1,3.16,4,0,4,1,1
6.45,70.8,2,8,3.34,5,1,4,0,1
7.01,78.1,1,6,4.98,4,0,3,0,1
8.86,87.5,2,12,2.05,4,2,5,3,1
4.0,80.2,3,5,3.76,6,1,4,1,1
6.47,70.1,2,3,3.11,1,3,4,2,1
7.05,92.7,0,3,1.33,5,0,2,4,1
7.21,97.0,1,3,3.67,6,1,1,4,1
6.28,83.9,1,6,4.17,3,1,1,1,1
4.34,89.7,0,2,2.04,5,0,3,0,1
7.26,92.9,0,6,2.89,0,1,3,3,1
9.22,91.6,0,12,1.17,6,1,0,3,1
4.65,85.4,1,10,1.64,3,3,1,1,1
8.01,85.2,1,9,3.95,1,1,5,2,1
6.34,84.2,0,12,2.43,0,0,4,0,1
6.71,64.8,3,11,1.79,5,1,4,3,1
5.33,86.4,4,9,3.13,3,1,1,3,1
6.33,61.7,0,12,2.38,2,0,0,1,1
8.62,68.5,4,2,2.43,2,0,1,2,0
7.62,93.6,0,11,3.64,6,0,5,1,1
9.23,88.1,4,4,1.74,2,0,3,0,1
8.45,95.8,4,10,1.99,0,1,4,0,1
7.41,74.7,0,12,3.05,1,0,2,4,0
9.24,64.2,2,7,3.87,1,1,2,2,0
7.41,75.1,5,2,4.14,4,0,3,0,1
7.96,79.2,4,5,2.23,5,1,5,0,1
6.38,78.9,5,6,3.84,5,0,2,1,1
6.89,91.6,1,13,2.12,4,2,3,4,1
5.82,73.7,0,13,4.73,5,0,5,1,1
8.19,82.2,3,8,1.77,2,1,2,4,1
5.15,66.1,1,13,4.23,4,0,5,2,1
7.9,83.4,1,6,2.24,0,0,3,3,0
6.53,78.0,1,6,4.91,3,1,5,3,1
8.44,69.0,1,11,3.49,3,2,2,0,1
7.85,75.2,0,9,1.88,0,2,3,0,1
9.35,75.8,2,7,2.38,3,0,1,4,1
7.82,74.8,0,6,3.68,5,0,3,4,1
4.6,99.3,2,10,3.95,2,1,1,0,0
6.71,76.8,3,10,2.83,3,1,3,3,1
5.16,75.1,1,7,2.94,2,0,4,4,1
6.07,52.8,1,1,3.66,1,1,2,4,1
8.92,67.3,0,2,3.03,0,1,2,1,0
7.69,74.8,4,2,1.61,2,1,1,4,0
5.82,69.8,2,7,2.09,5,0,4,3,1
5.38,94.6,0,8,3.14,6,0,3,4,1
6.85,76.0,0,11,4.12,4,0,3,0,1
5.1,93.5,0,4,4.52,4,1,0,3,1
5.86,78.7,1,11,3.68,4,0,0,0,0
7.24,78.4,4,9,3.19,3,1,0,1,0
8.42,76.9,2,1,3.65,2,1,5,0,1
7.65,78.0,0,5,2.23,4,1,5,2,1
4.0,98.6,3,4,2.75,5,0,0,4,1
7.23,50.2,0,12,2.08,2,0,0,3,1
6.9,54.0,3,12,1.65,3,1,4,1,1
7.38,71.5,0,11,3.23,3,1,3,2,1
9.06,78.2,1,7,3.09,1,2,1,1,1
4.0,86.3,4,7,3.59,2,0,3,3,0
5.97,83.7,0,5,3.45,0,2,1,1,0
7.63,73.4,2,11,3.14,3,0,1,0,0
4.59,90.2,5,2,3.46,4,0,2,2,0
8.87,90.4,0,4,2.86,4,0,5,4,1
7.32,80.2,0,2,3.31,6,1,4,2,1
7.99,89.6,2,7,2.17,0,0,1,1,0
6.0,81.3,0,4,3.27,5,0,3,0,1
7.94,71.3,0,3,3.57,5,1,5,4,1
8.3,86.4,1,5,2.23,3,1,5,3,1
7.13,79.3,2,12,2.95,1,0,4,0,0
7.13,78.0,0,8,2.28,2,0,0,0,0
7.18,95.7,0,11,2.37,4,1,1,0,0
5.59,48.6,3,12,1.78,6,0,1,1,0
6.59,61.0,1,12,4.17,4,0,0,4,0
6.59,63.8,3,5,3.97,3,1,1,0,1
7.34,73.6,1,12,3.44,4,0,1,4,1
8.2,74.9,4,12,4.87,0,1,3,0,0
5.32,59.9,2,13,2.71,4,0,2,3,0
6.62,66.2,0,5,5.0,0,0,2,1,1
8.87,67.7,3,3,2.67,6,0,1,4,1
5.76,100.0,1,8,3.16,6,0,0,2,0
5.65,99.6,0,13,2.5,3,0,5,1,1
7.08,73.1,0,12,3.27,2,0,3,1,1
7.98,73.6,2,8,3.74,5,2,1,4,1
6.82,64.2,0,2,2.79,4,2,4,2,1
8.66,55.1,0,6,4.68,4,0,4,1,1
8.0,76.6,0,10,3.14,3,1,5,3,0
7.98,66.0,1,8,3.17,1,1,0,2,0
7.58,77.0,1,5,1.99,0,2,3,3,0
10.0,58.8,1,5,3.32,1,0,5,2,1
6.51,68.9,0,1,2.77,3,0,4,0,1
4.0,79.8,0,4,2.29,2,0,1,0,1
9.05,82.4,1,9,2.12,3,0,5,0,1
6.16,83.0,0,4,5.0,1,0,2,2,1
6.95,62.2,2,13,2.64,6,2,2,2,1
8.63,88.3,0,2,1.44,2,2,3,3,0
4.56,68.4,0,8,2.2,5,0,4,4,1
5.05,85.6,0,7,2.85,2,1,0,0,1
4.56,77.9,1,11,3.45,3,0,3,4,1
5.69,61.5,0,12,3.45,4,1,4,4,1
7.42,74.2,3,8,3.58,1,1,3,3,1
7.53,82.4,0,9,2.26,1,0,1,2,1
7.19,85.4,1,10,3.24,2,2,0,0,1
4.82,76.3,1,7,2.02,5,3,3,0,1
4.0,96.4,0,3,2.28,1,1,4,0,0
6.88,90.1,1,6,1.98,3,1,3,3,1
6.14,74.9,0,4,1.71,4,1,5,2,1
7.44,87.0,1,7,3.96,4,0,3,0,1
7.78,100.0,0,8,3.59,3,0,3,0,1
6.99,100.0,3,3,3.88,0,1,0,0,0
7.86,63.3,4,4,2.94,0,0,3,3,0
7.12,66.9,0,11,3.68,3,2,1,3,1
7.54,95.8,1,5,1.14,5,0,4,3,1
5.81,65.3,2,3,3.76,0,0,0,0,0
6.55,62.1,0,10,3.08,6,0,5,0,1
7.08,72.2,3,10,3.53,4,3,1,0,1
7.95,83.0,2,11,3.28,0,0,2,3,1
6.25,76.8,4,10,1.91,2,0,0,3,0
7.53,70.2,5,13,1.4,1,0,1,1,0
6.43,69.9,0,8,2.19,6,1,5,0,1
6.64,69.5,1,4,3.46,3,3,1,1,1
7.96,67.4,1,12,3.59,2,0,3,4,1
4.01,100.0,0,4,1.53,1,2,5,0,0
4.98,81.6,0,4,1.92,3,0,3,3,1
4.72,88.6,5,11,2.18,0,1,0,2,1
4.0,72.1,0,12,2.54,1,0,2,0,1
5.85,75.8,1,5,1.54,1,1,2,4,0
7.85,69.4,3,10,1.48,4,1,1,2,1
6.4,46.2,0,12,2.08,4,1,1,3,1
7.08,61.5,1,11,2.99,3,0,3,0,1
8.32,56.3,5,1,1.72,0,2,2,1,1
8.66,51.0,1,9,2.78,2,3,1,3,1
6.7,63.7,0,3,3.96,5,1,2,3,1
8.7,93.9,0,12,1.6,1,1,2,0,1
6.93,77.5,4,1,2.69,1,1,1,3,0
5.63,93.5,0,13,3.92,0,0,2,4,1
5.97,82.9,1,3,2.48,5,2,5,3,1
4.73,87.4,0,6,2.33,0,0,3,1,0
5.56,67.2,1,4,4.06,4,1,3,4,1
6.3,84.3,4,11,2.59,6,0,5,3,1
7.93,86.7,1,6,4.0,4,0,3,0,1
9.21,71.1,5,10,3.33,2,1,1,0,1
4.86,84.7,0,1,2.56,1,1,2,4,1
7.35,84.8,1,6,3.38,0,2,2,1,1
5.34,71.4,3,12,3.22,1,3,2,0,1
7.46,64.5,1,13,3.92,6,0,0,2,1
6.62,63.8,0,3,2.35,1,0,0,2,0
4.24,79.0,3,6,2.94,0,0,2,2,1
8.1,81.9,0,6,2.84,5,1,5,3,1
5.95,68.5,1,8,3.6,2,1,4,4,1
6.05,78.3,5,7,1.87,2,2,5,3,1
5.3,84.8,0,2,3.92,5,1,1,0,1
5.88,85.4,0,10,3.37,3,0,2,0,1
7.4,96.6,0,3,1.58,6,1,3,0,1
6.54,93.3,0,5,4.11,3,1,2,1,1
7.26,66.0,0,11,5.0,4,1,2,1,1
7.31,98.2,2,9,3.9,6,0,2,4,1
8.65,71.6,0,6,4.33,3,0,0,1,0
6.32,90.5,2,12,2.99,1,0,5,0,0
4.73,78.8,0,6,1.24,6,0,5,4,1
8.29,73.1,0,8,1.06,1,1,0,1,1
6.34,56.3,0,4,3.16,0,0,2,4,0
8.36,75.9,2,3,2.31,4,1,3,3,1
7.34,59.3,1,7,1.99,6,1,4,4,1
6.62,89.6,0,8,2.84,0,2,5,4,1
7.29,96.2,3,11,3.52,5,0,2,0,0
9.53,68.4,1,6,1.45,5,0,4,3,1
9.71,81.6,0,12,2.45,6,0,5,2,1
6.9,69.3,4,8,4.41,2,0,4,3,1
7.02,70.5,0,1,1.82,1,0,1,3,1
8.31,87.3,0,10,3.77,3,1,4,2,1
5.62,77.5,1,8,2.42,0,0,2,1,1
7.27,98.9,0,6,3.45,5,0,0,4,1
6.76,72.2,0,7,4.0,4,0,4,3,1
7.24,90.0,2,4,3.64,3,1,5,4,1
5.63,79.2,0,8,3.81,3,2,2,1,1
4.57,87.5,3,8,1.75,4,1,2,4,1
4.0,72.6,4,6,4.01,3,1,2,1,1
5.24,77.4,1,4,2.05,5,1,0,2,1
6.16,76.6,2,6,3.16,6,1,5,4,1
6.39,68.0,2,7,3.16,6,0,0,1,1
9.51,85.9,5,7,3.39,4,1,3,1,1
8.35,85.8,0,5,3.24,5,1,0,4,1
5.45,85.1,0,8,2.06,2,0,4,4,1
7.29,96.4,1,3,1.55,0,1,5,1,0
6.23,95.4,1,7,3.77,2,1,3,1,1
6.4,73.5,0,2,3.09,6,1,3,1,1
7.06,82.5,1,7,4.05,0,0,4,0,1
7.67,70.5,0,11,2.86,3,1,5,2,0
6.33,78.3,4,11,1.49,1,2,5,1,1
8.29,70.8,0,10,3.87,3,0,1,4,1
5.2,97.4,0,10,2.53,1,0,3,0,1
6.81,82.4,0,1,3.24,5,0,4,3,1
10.0,75.4,0,5,2.25,5,0,1,2,1
7.11,92.3,0,9,4.54,5,3,4,3,1
8.81,52.0,0,11,2.02,4,1,0,0,1
6.93,53.8,0,8,2.56,1,0,5,2,1
7.61,87.6,0,12,3.01,3,0,3,3,1
6.72,78.7,0,4,1.81,0,3,4,1,1
6.56,81.0,0,2,3.23,2,0,4,4,1
5.71,62.1,0,2,4.51,3,1,1,2,0
7.4,77.7,0,8,2.41,4,0,2,1,1
5.61,100.0,0,9,3.3,0,0,5,0,0
7.73,87.9,0,4,1.0,5,1,0,0,1
8.32,80.0,0,11,2.86,3,0,4,2,1
7.31,72.7,2,10,2.59,6,1,1,2,1
6.4,73.3,5,5,2.08,3,0,3,4,1
7.44,52.4,4,4,3.98,3,1,3,3,1
6.37,81.1,1,10,2.57,4,1,4,0,1
8.11,88.1,1,9,2.72,5,1,5,2,1
4.24,59.1,0,3,2.52,1,0,2,2,1
6.33,70.1,2,4,1.0,3,1,1,0,0
4.01,64.1,2,7,1.77,0,3,2,3,1
4.71,66.4,3,7,3.86,3,0,3,2,1
8.71,78.6,3,3,1.0,5,0,4,0,1
8.05,53.0,1,13,2.13,6,2,4,2,1
5.79,85.4,2,6,2.5,1,0,2,3,0
4.7,87.0,3,5,4.64,2,1,5,1,1
4.0,75.0,0,1,3.67,3,1,0,1,1
6.04,48.2,4,12,2.34,2,0,0,0,0
10.0,66.0,0,4,4.2,1,1,0,1,1
7.41,92.8,5,13,2.16,2,1,5,4,1
6.02,44.7,2,7,3.91,2,0,1,3,0
7.45,73.8,0,12,1.54,3,2,3,0,1
4.61,63.8,2,3,3.97,6,0,4,2,1
6.38,87.7,0,3,2.49,3,0,4,0,1
6.94,69.9,2,11,1.87,2,2,5,2,1
6.68,82.8,3,11,2.68,4,0,0,0,0
7.91,84.8,1,8,3.18,5,2,2,3,1
7.28,100.0,3,1,2.41,3,0,3,2,1
7.74,75.6,0,13,3.45,3,1,4,3,1
5.84,82.5,0,6,2.32,1,0,3,2,1
8.06,60.2,1,13,3.52,6,1,3,1,1
9.08,92.3,0,12,3.34,6,1,1,1,1
5.44,68.9,1,12,2.84,1,2,0,1,0
5.56,71.3,0,9,2.46,2,3,2,2,1
8.67,77.7,0,9,3.05,1,1,1,2,1
6.53,59.2,1,7,3.45,6,1,3,3,1
8.77,80.7,3,1,4.96,0,1,4,0,0
6.18,89.6,0,6,3.84,1,2,3,1,1
8.84,81.5,3,10,3.88,2,1,3,4,1
6.98,58.9,1,11,5.0,3,2,0,4,1
7.16,76.5,0,8,3.42,1,0,3,4,0
8.99,86.9,1,10,3.38,3,1,2,1,1
6.29,55.5,1,1,3.6,5,1,0,0,1
5.48,65.1,0,7,1.89,5,0,1,0,1
6.17,88.5,1,7,2.46,0,0,4,0,1
7.43,81.2,0,12,2.39,0,3,5,4,1
4.61,82.9,0,5,3.55,0,0,3,4,0
7.69,100.0,1,3,2.73,6,0,5,4,1
6.05,83.6,1,5,3.04,4,0,1,3,1
8.41,85.9,3,3,3.99,3,0,1,1,0
4.0,100.0,0,8,3.76,5,1,5,2,1
5.7,75.4,4,9,2.74,4,2,1,4,1
4.44,68.4,3,11,2.23,1,3,3,4,1
5.64,83.1,4,13,4.04,3,1,1,2,1
7.15,83.3,3,1,3.67,4,1,1,4,1
6.55,71.7,0,4,1.29,0,0,2,1,0
6.45,65.6,1,4,2.59,4,2,2,2,1
6.58,100.0,0,4,3.07,3,0,5,4,1
7.08,81.9,3,11,3.68,0,0,5,1,1
5.39,69.2,1,2,3.81,1,3,3,3,0
7.79,89.0,0,1,3.18,3,2,3,2,1
7.73,76.7,4,12,3.49,2,0,0,1,0
7.34,75.0,0,13,2.96,2,1,1,1,1
7.58,84.7,1,3,2.23,4,1,0,3,1
7.21,62.5,2,5,2.64,2,0,5,2,1
9.65,82.2,0,7,2.92,3,0,1,1,1
6.68,100.0,1,7,2.87,5,0,2,3,1
6.37,83.6,3,13,1.01,0,1,5,0,0
5.75,73.5,0,6,2.5,2,0,4,0,1
5.35,71.9,1,1,2.96,0,1,3,4,1
5.06,73.1,0,6,2.62,6,0,0,3,1
5.56,75.0,2,8,2.65,1,2,3,2,1
6.7,73.5,0,7,3.39,5,1,3,0,1
7.27,89.0,4,7,1.82,1,2,1,2,1
6.87,57.2,3,12,1.27,2,0,4,2,1
5.73,88.3,0,11,2.55,4,1,5,2,1
8.06,73.4,0,4,3.66,5,2,1,0,1
7.84,82.5,1,5,4.59,1,0,1,2,1
6.58,64.5,2,9,3.68,1,0,1,2,1
5.89,93.9,1,6,1.43,6,0,5,1,1
7.57,92.9,0,6,2.67,2,0,0,0,0
7.06,89.5,0,3,3.16,1,0,5,4,1
4.77,59.8,5,4,3.08,5,0,4,3,0
6.7,87.9,1,10,3.44,0,0,2,3,1
7.17,82.9,3,11,1.98,6,1,3,3,1
5.54,58.7,1,11,2.96,6,0,5,3,1
7.07,77.7,4,5,3.32,5,0,4,0,1
4.76,82.4,0,2,3.73,2,1,1,2,1
8.67,84.7,0,3,2.09,0,0,0,4,0
8.55,80.1,4,6,2.55,2,0,3,1,1
6.45,81.5,4,7,1.0,2,0,0,4,0
7.31,95.7,0,12,2.28,6,0,0,0,1
4.0,92.7,0,12,2.38,4,1,5,1,1
5.18,43.6,1,1,1.88,6,0,2,1,0
6.39,74.2,1,10,3.07,5,0,3,3,1
5.3,76.0,0,4,2.84,5,3,1,0,1
7.8,57.0,3,3,1.0,0,2,0,1,0
9.6,79.1,0,8,3.12,0,0,0,3,0
5.15,93.0,2,1,1.97,0,0,2,1,0
5.63,65.0,0,5,3.39,4,1,0,4,1
7.13,82.0,0,8,1.62,1,2,2,4,1
9.06,67.0,2,4,2.93,6,2,1,1,1
5.09,69.9,0,8,2.62,0,0,3,2,1
7.15,95.7,2,6,3.2,6,0,3,1,1
9.35,71.5,0,11,3.02,4,0,1,1,0
4.49,83.5,4,3,2.64,0,2,2,3,0
5.01,55.5,2,1,1.36,0,2,0,1,0
6.21,100.0,3,7,1.42,2,0,1,0,1
6.07,85.2,0,4,2.32,2,1,5,1,1
7.94,75.8,0,10,2.89,2,0,5,4,1
7.14,84.9,0,2,2.29,3,1,2,1,0
4.32,61.1,1,8,3.53,0,2,5,1,1
7.52,92.2,0,13,2.62,0,1,3,3,1
5.99,74.1,0,2,1.93,4,0,0,0,0
8.58,75.6,0,4,2.62,6,1,5,1,1
5.92,72.1,0,11,3.13,1,0,2,0,0
5.91,71.0,0,7,3.22,6,2,3,4,1
7.56,86.3,0,3,4.78,2,0,3,4,1
7.87,81.1,0,3,2.23,2,2,1,3,1
7.43,85.8,2,10,2.83,0,0,4,1,1
4.44,77.9,0,12,3.33,2,0,3,3,1
7.55,84.2,0,5,2.88,3,0,2,3,1
5.35,73.0,1,7,2.4,4,0,1,4,1
7.13,100.0,2,11,1.35,1,0,4,0,1
4.81,59.2,0,3,2.39,1,1,1,3,1
7.42,93.1,1,3,1.83,3,0,0,0,0
5.67,94.4,4,11,1.17,0,0,5,2,1
5.0,67.8,1,3,2.1,1,0,1,4,0
7.8,100.0,4,11,1.85,4,0,3,0,1
7.14,89.9,3,7,3.48,6,2,4,0,1
5.94,89.7,0,13,3.5,4,2,5,4,1
8.83,78.3,1,1,2.0,1,0,3,0,1
6.18,75.4,2,13,2.64,6,1,4,3,1
6.84,75.5,5,3,1.04,3,1,5,2,1
7.18,82.7,1,1,2.41,5,3,5,1,1
5.93,94.8,0,10,3.3,1,0,0,4,1
7.46,80.2,1,7,3.72,4,0,4,4,1
6.05,67.1,0,11,2.19,0,1,1,1,0
6.22,87.9,2,2,3.95,4,2,5,0,1
8.71,89.1,1,2,1.38,1,1,0,0,0
5.34,85.9,2,8,1.65,6,1,1,0,1
4.0,86.9,3,12,3.61,0,0,1,4,0
9.06,74.7,2,6,4.57,4,1,3,2,1
10.0,66.9,1,11,3.39,0,2,0,3,0
6.23,67.6,2,12,2.86,4,0,0,1,1
4.09,58.4,3,12,1.0,3,1,3,4,0
6.37,80.8,3,7,1.0,6,0,5,3,0
6.4,77.0,0,10,3.03,4,1,3,3,1
6.53,72.7,1,7,2.54,2,1,2,2,1
5.24,42.5,0,9,1.79,0,1,3,3,0
7.61,63.0,3,8,2.97,4,3,3,2,1
7.53,91.5,2,7,3.02,3,0,2,1,1
4.71,70.0,1,6,3.84,0,0,3,2,1
7.78,82.3,0,9,3.04,4,0,0,1,1
9.67,61.3,0,10,4.13,1,0,1,4,1
7.04,95.3,2,12,2.91,1,0,4,3,1
6.33,76.3,0,8,2.78,0,0,2,3,0
6.6,81.5,0,2,3.96,2,0,0,3,0
7.66,100.0,3,8,1.92,1,0,0,2,1
4.38,96.2,2,5,5.0,0,0,5,4,0
7.03,74.3,0,1,3.28,3,1,1,1,1
6.25,70.9,0,1,3.28,1,0,0,2,0
9.39,74.1,5,8,3.43,0,1,4,0,0
6.56,84.1,2,13,4.78,3,2,3,1,1
9.14,76.7,1,7,3.69,0,1,2,2,1
5.25,73.3,0,6,1.29,6,0,5,2,1
7.62,95.6,0,2,4.3,3,0,1,4,1
7.25,76.6,0,9,2.56,6,1,3,3,1
5.58,100.0,2,1,3.01,6,1,4,2,1
7.05,79.1,0,11,1.62,6,0,3,2,1
8.5,99.4,0,11,3.43,3,0,1,3,1
6.35,82.3,2,13,2.25,2,1,4,3,1
4.43,89.6,4,4,3.0,5,0,4,1,0
6.78,69.3,2,3,2.62,0,1,0,2,1
5.54,67.8,1,4,4.83,5,0,0,2,1
6.32,83.5,1,11,4.88,2,0,4,0,1
6.69,89.9,1,3,2.95,0,2,0,4,0
4.41,78.5,0,12,2.96,1,0,5,2,1
4.54,62.6,1,3,2.53,1,1,0,1,1
7.47,61.7,1,1,4.01,0,0,5,3,1
6.07,60.9,1,3,2.57,4,0,4,3,1
4.0,56.8,3,10,2.48,0,2,2,4,0
7.9,79.3,5,8,3.88,5,0,1,0,1
7.18,91.5,0,5,2.36,3,0,2,2,1
5.8,77.8,0,9,2.86,5,2,4,0,1
4.96,50.9,0,9,1.32,2,1,4,2,1
7.97,75.7,0,8,3.6,0,1,1,2,1
7.29,76.0,0,7,4.84,1,0,3,2,1
10.0,100.0,0,2,3.62,4,0,5,4,1
7.39,60.5,2,4,4.36,5,1,1,2,1
7.34,73.3,1,7,2.05,1,0,4,2,0
6.57,98.5,4,2,3.14,2,0,1,0,0
7.94,83.4,0,7,1.96,6,1,5,1,1
7.68,84.8,0,2,2.67,5,0,1,4,1
8.55,79.4,1,11,3.67,2,0,1,2,1
6.07,82.0,0,2,3.0,1,0,2,4,0
6.19,87.3,0,2,1.49,2,0,2,2,0
6.13,68.3,5,9,1.58,3,1,1,2,0
7.91,88.5,0,3,1.52,3,2,3,2,1
8.9,61.5,0,5,3.39,1,0,0,2,0
6.16,81.9,1,5,4.96,0,0,5,0,0
6.21,80.1,1,3,4.26,3,1,0,0,0
7.24,70.6,1,10,1.0,5,0,2,2,1
6.46,77.7,0,9,4.32,1,1,5,2,1
8.13,70.5,3,4,3.84,2,2,0,2,1
4.0,65.1,0,9,1.35,1,1,0,2,1
5.64,73.8,1,10,2.6,1,0,4,1,1
5.7,64.8,2,8,4.0,4,3,0,3,0
4.0,81.9,3,8,3.45,2,0,5,3,1
5.45,64.2,0,13,1.59,1,2,2,0,1
5.52,86.5,1,6,3.51,6,1,5,2,1
6.52,63.8,0,6,1.0,1,1,1,3,1
8.36,71.2,0,8,2.68,1,2,0,3,1
6.46,70.5,0,11,4.04,6,1,5,1,1
5.36,93.9,2,10,2.92,3,0,4,4,0
6.72,82.0,0,1,2.4,0,0,5,3,1
8.27,75.5,2,6,3.79,2,1,1,2,1
5.43,84.0,0,10,3.87,3,1,2,3,1
5.53,52.7,3,3,4.21,1,0,3,4,1
7.58,77.5,3,13,3.77,3,1,2,1,1
6.49,100.0,0,11,3.98,4,1,1,0,1
7.71,79.6,0,12,3.63,1,0,2,2,1
6.78,78.8,0,2,3.17,5,0,3,0,0
7.78,84.6,3,8,2.99,3,0,0,4,1
5.35,88.7,0,7,2.66,6,0,2,4,1
6.78,54.0,1,9,1.69,0,0,1,3,1
6.51,57.8,1,12,1.94,2,0,0,4,1
5.1,80.5,3,5,2.62,5,0,0,0,0
4.61,69.4,1,7,3.14,6,0,2,3,1
7.76,93.7,1,9,4.34,1,1,0,2,1
6.31,74.2,5,10,2.86,6,0,2,1,0
5.37,54.8,0,11,3.9,1,3,3,1,1
6.67,62.8,3,5,3.98,2,2,5,2,1
8.38,45.0,0,13,2.67,2,1,0,3,1
4.0,75.2,1,1,3.49,2,3,2,0,1
4.7,75.7,3,7,2.66,6,2,0,3,0
5.51,72.9,2,8,4.22,5,0,2,4,1
8.85,90.9,2,1,3.54,5,1,2,0,1
7.2,92.4,0,6,1.71,1,0,4,4,0
7.87,76.0,1,8,3.06,6,1,2,3,1
5.2,52.4,0,8,4.55,3,1,5,1,1
5.23,85.4,1,2,2.72,4,0,0,3,1
7.43,84.7,1,4,3.35,4,0,0,3,1
6.88,81.7,0,4,3.45,4,3,0,3,1
7.57,89.8,0,9,1.86,4,0,2,0,1
6.54,64.0,0,5,3.41,3,0,1,0,0
7.19,100.0,0,8,1.51,4,0,0,3,1
7.02,66.5,0,10,2.27,6,1,1,1,1
7.89,87.0,3,11,3.98,2,2,5,1,1
7.93,57.8,1,3,3.26,3,1,4,2,1
4.53,66.8,0,12,2.6,1,0,0,3,1
4.0,96.2,2,3,3.35,2,0,5,0,1
8.2,74.9,3,1,2.84,5,0,1,4,1
8.46,88.1,0,1,2.91,4,1,2,2,1
5.37,80.8,0,3,3.56,1,2,1,0,1
4.2,76.7,0,12,2.17,3,1,2,0,1
6.94,94.4,0,3,2.94,5,0,4,4,0
8.1,75.2,2,10,2.59,0,1,4,0,1
9.32,56.6,5,6,1.31,0,0,3,2,0
7.52,68.4,0,1,1.98,2,1,3,3,1
6.28,84.6,2,6,4.47,4,1,4,2,1
5.55,82.7,0,1,3.28,2,1,1,1,0
6.82,59.2,1,7,1.58,5,1,2,0,1
6.38,69.3,2,8,1.36,5,2,0,3,0
5.38,71.0,0,7,2.79,3,0,4,2,1
9.67,73.6,0,4,4.46,2,0,2,0,1
9.3,61.5,1,10,2.71,0,0,3,0,1
8.39,70.5,5,8,4.21,5,1,3,2,1
5.51,69.3,0,4,3.25,6,1,1,0,0
8.0,87.3,0,6,3.37,3,1,0,1,1
7.7,87.7,0,2,1.56,3,1,5,0,1
7.42,76.3,1,13,3.84,5,0,1,3,1
8.55,73.3,1,10,2.57,4,1,0,3,1
7.69,79.7,3,4,3.76,0,1,1,3,0
7.84,68.2,2,9,2.09,4,0,5,0,1
7.69,64.2,3,9,3.08,6,0,1,1,1
7.28,66.7,3,8,3.25,5,0,5,1,1
4.3,70.4,0,1,2.75,3,0,2,3,1
6.92,64.0,1,12,3.3,3,1,5,4,1
6.02,79.9,0,13,2.63,1,2,3,1,1
5.01,86.8,0,13,2.25,4,1,0,3,1
9.15,59.0,4,13,4.51,1,0,3,2,1
9.22,78.3,2,13,3.95,2,1,2,4,1
8.7,75.4,5,10,2.14,1,1,1,0,0
7.16,82.1,1,1,3.47,2,0,3,4,1
8.69,77.8,1,7,2.16,2,2,0,2,1
6.82,60.6,1,4,1.72,0,0,4,1,0
7.08,62.9,0,3,3.93,5,0,4,0,1
5.27,78.4,0,11,1.2,3,0,0,4,0
7.36,90.3,1,11,3.83,6,0,2,4,1
6.88,51.4,0,7,2.65,1,2,3,0,1
4.98,82.1,4,10,2.69,4,0,0,2,0
6.73,92.3,0,2,3.31,1,0,2,3,0
6.69,76.2,0,3,3.48,3,0,1,2,0
9.32,84.6,2,12,2.07,3,0,0,0,1
8.05,69.6,0,6,3.62,3,0,4,1,1
6.82,76.6,4,8,3.01,4,0,2,1,1
7.15,58.5,2,7,1.64,5,1,4,1,1
6.86,49.9,0,3,2.73,2,0,3,4,1
6.52,89.3,2,11,4.28,5,1,5,1,1
5.28,66.2,2,10,4.58,1,0,5,3,1
6.59,72.5,2,9,3.62,2,1,3,4,1
5.76,61.4,3,5,1.71,2,2,2,3,1
5.05,61.1,2,9,3.39,6,0,2,3,1
7.52,75.9,1,13,3.75,0,0,4,0,1
7.35,69.2,0,9,3.63,2,2,2,0,1
4.3,82.5,2,7,3.68,2,1,3,3,1
6.63,83.4,4,4,3.26,5,1,1,3,1
8.19,81.9,1,7,2.83,3,0,5,3,1
8.28,80.9,2,5,2.29,6,0,3,2,1
8.24,96.9,1,8,1.0,5,1,1,2,1
6.85,65.2,2,1,3.24,4,2,3,0,1
